INSERT INTO HOURLY_RATE (HID, RATE) VALUES ('H11', 20.00);
INSERT INTO HOURLY_RATE (HID, RATE) VALUES ('H21', 22.50);
INSERT INTO HOURLY_RATE (HID, RATE) VALUES ('H31', 25.00);
INSERT INTO HOURLY_RATE (HID, RATE) VALUES ('H41', 27.50);
INSERT INTO HOURLY_RATE (HID, RATE) VALUES ('H51', 30.00);

INSERT INTO BUILDING (BID, NAME, TYPE) VALUES ('B1', 'Building1', 'A');
INSERT INTO BUILDING (BID, NAME, TYPE) VALUES ('B2', 'Building2', 'B');
INSERT INTO BUILDING (BID, NAME, TYPE) VALUES ('B3', 'Building2', 'B');

INSERT INTO ENCLOSURE (BID, EN_ID, SQFT) VALUES ('B1', 'EN1', 500.00);
INSERT INTO ENCLOSURE (BID, EN_ID, SQFT) VALUES ('B2', 'EN2', 600.00);


INSERT INTO ENCLOSURE (BID, EN_ID, SQFT) VALUES ('B3', 'EN2', 700.00);
INSERT INTO ENCLOSURE (BID, EN_ID, SQFT) VALUES ('B4', 'EN1', 400.00);
INSERT INTO ENCLOSURE (BID, EN_ID, SQFT) VALUES ('B5', 'EN1', 200.00);
INSERT INTO ENCLOSURE (BID, EN_ID, SQFT) VALUES ('B5', 'EN2', 800.00);
INSERT INTO ENCLOSURE (BID, EN_ID, SQFT) VALUES ('B3', 'EN1', 650.00);
INSERT INTO ENCLOSURE (BID, EN_ID, SQFT) VALUES ('B3', 'EN3', 100.00);
INSERT INTO ENCLOSURE (BID, EN_ID, SQFT) VALUES ('B2', 'EN1', 980.00);
INSERT INTO ENCLOSURE (BID, EN_ID, SQFT) VALUES ('B2', 'EN3', 350.00);

INSERT INTO ENCLOSURE (BID, EN_ID, SQFT) VALUES ('B4', 'EN3', 750.00);
INSERT INTO ENCLOSURE (BID, EN_ID, SQFT) VALUES ('B4', 'EN2', 450.00);
INSERT INTO ENCLOSURE (BID, EN_ID, SQFT) VALUES ('B5', 'EN3', 250.00);
INSERT INTO ENCLOSURE (BID, EN_ID, SQFT) VALUES ('B5', 'EN4', 850.00);
INSERT INTO ENCLOSURE (BID, EN_ID, SQFT) VALUES ('B2', 'EN4', 550.00);
INSERT INTO ENCLOSURE (BID, EN_ID, SQFT) VALUES ('B1', 'EN2', 200.00);
INSERT INTO ENCLOSURE (BID, EN_ID, SQFT) VALUES ('B1', 'EN3', 780.00);
INSERT INTO ENCLOSURE (BID, EN_ID, SQFT) VALUES ('B3', 'EN4', 450.00);


INSERT INTO REVENUE_TYPE (RID, NAME, TYPE, BID) VALUES ('R11', 'Revenue1', 'Type1', 'B1');
INSERT INTO REVENUE_TYPE (RID, NAME, TYPE, BID) VALUES ('R21', 'Revenue2', 'Type2', 'B2');
INSERT INTO REVENUE_TYPE (RID, NAME, TYPE, BID) VALUES ('R31', 'Revenue2', 'Type2', 'B3');

INSERT INTO REVENUE_TYPE (RID, NAME, TYPE, BID) VALUES ('R41', 'Revenue4', 'Type4', 'B4');
INSERT INTO REVENUE_TYPE (RID, NAME, TYPE, BID) VALUES ('R51', 'Revenue5', 'Type5', 'B4');
INSERT INTO REVENUE_TYPE (RID, NAME, TYPE, BID) VALUES ('R61', 'Revenue6', 'Type6', 'B5');
INSERT INTO REVENUE_TYPE (RID, NAME, TYPE, BID) VALUES ('R71', 'Revenue7', 'Type7', 'B5');
INSERT INTO REVENUE_TYPE (RID, NAME, TYPE, BID) VALUES ('R81', 'Revenue8', 'Type8', 'B2');
INSERT INTO REVENUE_TYPE (RID, NAME, TYPE, BID) VALUES ('R91', 'Revenue9', 'Type9', 'B3');
INSERT INTO REVENUE_TYPE (RID, NAME, TYPE, BID) VALUES ('R101', 'Revenue10', 'Type10', 'B1');

INSERT INTO REVENUE_TYPE (RID, NAME, TYPE, BID) VALUES ('R11', 'Revenue11', 'Type3', 'B3');
INSERT INTO REVENUE_TYPE (RID, NAME, TYPE, BID) VALUES ('R12', 'Revenue12', 'Type2', 'B2');
INSERT INTO REVENUE_TYPE (RID, NAME, TYPE, BID) VALUES ('R13', 'Revenue13', 'Type3', 'B1');
INSERT INTO REVENUE_TYPE (RID, NAME, TYPE, BID) VALUES ('R14', 'Revenue14', 'Type4', 'B1');
INSERT INTO REVENUE_TYPE (RID, NAME, TYPE, BID) VALUES ('R15', 'Revenue15', 'Type4', 'B4');
INSERT INTO REVENUE_TYPE (RID, NAME, TYPE, BID) VALUES ('R16', 'Revenue16', 'Type5', 'B2');
INSERT INTO REVENUE_TYPE (RID, NAME, TYPE, BID) VALUES ('R17', 'Revenue17', 'Type5', 'B4');


INSERT INTO REVENUE_EVENTS (RID, DATE_TIME, REVENUE, TICKETS_SOLD) VALUES ('R11', TO_DATE('2023-06-01 10:00:00','YYYY-MM-DD HH24:MI:SS'), 1000.00, 50);
INSERT INTO REVENUE_EVENTS (RID, DATE_TIME, REVENUE, TICKETS_SOLD) VALUES ('R21', TO_DATE('2023-07-01 11:00:00','YYYY-MM-DD HH24:MI:SS'), 2000.00, 100);

INSERT INTO REVENUE_EVENTS (RID, DATE_TIME, REVENUE, TICKETS_SOLD) VALUES ('R41', TO_DATE('2023-07-01 11:00:00','YYYY-MM-DD HH24:MI:SS'), 3000.00, 200);
INSERT INTO REVENUE_EVENTS (RID, DATE_TIME, REVENUE, TICKETS_SOLD) VALUES ('R51', TO_DATE('2023-07-03 11:00:00','YYYY-MM-DD HH24:MI:SS'), 4500.00,300);
INSERT INTO REVENUE_EVENTS (RID, DATE_TIME, REVENUE, TICKETS_SOLD) VALUES ('R61', TO_DATE('2023-07-05 11:00:00','YYYY-MM-DD HH24:MI:SS'), 1500.00, 400);
INSERT INTO REVENUE_EVENTS (RID, DATE_TIME, REVENUE, TICKETS_SOLD) VALUES ('R71', TO_DATE('2023-07-07 11:00:00','YYYY-MM-DD HH24:MI:SS'), 6000.00, 500);
INSERT INTO REVENUE_EVENTS (RID, DATE_TIME, REVENUE, TICKETS_SOLD) VALUES ('R81', TO_DATE('2023-07-09 11:00:00','YYYY-MM-DD HH24:MI:SS'), 3500.00, 600);
INSERT INTO REVENUE_EVENTS (RID, DATE_TIME, REVENUE, TICKETS_SOLD) VALUES ('R91', TO_DATE('2023-07-11 11:00:00','YYYY-MM-DD HH24:MI:SS'), 10000.00, 700);



INSERT INTO ZOO_ADMISSION (RID, SENIOR_PRICE, ADULT_PRICE, CHILD_PRICE) VALUES ('R11', 10.00, 20.00, 5.00);
INSERT INTO ZOO_ADMISSION (RID, SENIOR_PRICE, ADULT_PRICE, CHILD_PRICE) VALUES ('R21', 15.00, 25.00, 10.00);

INSERT INTO CONCESSION (RID, PRODUCT) VALUES ('R11', 'Product1');
INSERT INTO CONCESSION (RID, PRODUCT) VALUES ('R21', 'Product2');

INSERT INTO EMPLOYEE (EID, STARTDATE, JOBTYPE, FIRST, MINIT, LAST, STREET, CITY, STATE, ZIP, SUPER_ID, HID, RID) VALUES ('E11', TO_DATE('2023-01-01','YYYY-MM-DD'), 'Job1', 'John', 'D', 'Doe', '123 ABC St', 'Newark', 'NJ', 07101, NULL, 'H11', 'R11');
INSERT INTO EMPLOYEE (EID, STARTDATE, JOBTYPE, FIRST, MINIT, LAST, STREET, CITY, STATE, ZIP, SUPER_ID, HID, RID) VALUES ('E21', TO_DATE('2023-02-01','YYYY-MM-DD'), 'Job2', 'Jane', 'E', 'Doe', '456 DEF St', 'Newark', 'NJ', 07102, 'E11', 'H21', 'R21');
INSERT INTO EMPLOYEE (EID, STARTDATE, JOBTYPE, FIRST, MINIT, LAST, STREET, CITY, STATE, ZIP, SUPER_ID, HID, RID) VALUES ('E31', TO_DATE('2023-03-01','YYYY-MM-DD'), 'Job3', 'Jim', 'F', 'Doe', '789 GHI St', 'Newark', 'NJ', 07103, 'E11', 'H31', 'R21');
INSERT INTO EMPLOYEE (EID, STARTDATE, JOBTYPE, FIRST, MINIT, LAST, STREET, CITY, STATE, ZIP, SUPER_ID, HID, RID) VALUES ('E4', TO_DATE('2023-04-01','YYYY-MM-DD'), 'Job4', 'Jill', 'G', 'Doe', '321 JKL St', 'Newark', 'NJ', 07104, 'E21', 'H41', 'R31');
INSERT INTO EMPLOYEE (EID, STARTDATE, JOBTYPE, FIRST, MINIT, LAST, STREET, CITY, STATE, ZIP, SUPER_ID, HID, RID) VALUES ('E5', TO_DATE('2023-05-01','YYYY-MM-DD'), 'Job5', 'Joe', 'H', 'Doe', '654 MNO St', 'Newark', 'NJ', 07105, 'E21', 'H51', 'R11');

INSERT INTO SPECIES (SID, FOODCOST, NAME) VALUES ('S1', 100.00, 'Species1');
INSERT INTO SPECIES (SID, FOODCOST, NAME) VALUES ('S2', 200.00, 'Species2');

INSERT INTO ANIMAL (AID, STATUS, BIRTHYEAR, SID, BID, EN_ID) VALUES ('A1', 'Healthy', '2023', 'S1', 'B1', 'EN1');
INSERT INTO ANIMAL (AID, STATUS, BIRTHYEAR, SID, BID, EN_ID) VALUES ('A2', 'Sick', '2023', 'S2', 'B2', 'EN2');

INSERT INTO ANIMAL_SHOWS (RID, SENIOR_PRICE, ADULT_PRICE, CHILD_PRICE, NO_PER_DAY) VALUES ('R11', 10.00, 20.00, 5.00, 2);
INSERT INTO ANIMAL_SHOWS (RID, SENIOR_PRICE, ADULT_PRICE, CHILD_PRICE, NO_PER_DAY) VALUES ('R31', 15.00, 25.00, 10.00, 3);

INSERT INTO PARTICIPATES_IN (RID, SID, NO_REQD) VALUES ('R11', 'S1', 1);
INSERT INTO PARTICIPATES_IN (RID, SID, NO_REQD) VALUES ('R31', 'S2', 2);

INSERT INTO CARES_FOR (EID, SID) VALUES ('E11', 'S1');
INSERT INTO CARES_FOR (EID, SID) VALUES ('E21', 'S2');

COMMIT;
