INSERT INTO HOURLY_RATE (HID, RATE) VALUES ('H11', 20.00);
INSERT INTO HOURLY_RATE (HID, RATE) VALUES ('H21', 22.50);
INSERT INTO HOURLY_RATE (HID, RATE) VALUES ('H31', 25.00);
INSERT INTO HOURLY_RATE (HID, RATE) VALUES ('H41', 27.50);
INSERT INTO HOURLY_RATE (HID, RATE) VALUES ('H51', 30.00);

INSERT INTO BUILDING (BID, NAME, TYPE) VALUES ('B1', 'Building1', 'A');
INSERT INTO BUILDING (BID, NAME, TYPE) VALUES ('B2', 'Building2', 'B');
INSERT INTO BUILDING (BID, NAME, TYPE) VALUES ('B3', 'Building2', 'B');

INSERT INTO ENCLOSURE (BID, EN_ID, SQFT) VALUES ('B1', 'EN1', 500.00);
INSERT INTO ENCLOSURE (BID, EN_ID, SQFT) VALUES ('B2', 'EN2', 600.00);

INSERT INTO REVENUE_TYPE (RID, NAME, TYPE, BID) VALUES ('R11', 'Revenue1', 'Type1', 'B1');
INSERT INTO REVENUE_TYPE (RID, NAME, TYPE, BID) VALUES ('R21', 'Revenue2', 'Type2', 'B2');
INSERT INTO REVENUE_TYPE (RID, NAME, TYPE, BID) VALUES ('R31', 'Revenue2', 'Type2', 'B3');

INSERT INTO REVENUE_EVENTS (RID, DATE_TIME, REVENUE, TICKETS_SOLD) VALUES ('R11', TO_DATE('2023-06-01 10:00:00','YYYY-MM-DD HH24:MI:SS'), 1000.00, 50);
INSERT INTO REVENUE_EVENTS (RID, DATE_TIME, REVENUE, TICKETS_SOLD) VALUES ('R21', TO_DATE('2023-07-01 11:00:00','YYYY-MM-DD HH24:MI:SS'), 2000.00, 100);

INSERT INTO ZOO_ADMISSION (RID, SENIOR_PRICE, ADULT_PRICE, CHILD_PRICE) VALUES ('R11', 10.00, 20.00, 5.00);
INSERT INTO ZOO_ADMISSION (RID, SENIOR_PRICE, ADULT_PRICE, CHILD_PRICE) VALUES ('R21', 15.00, 25.00, 10.00);

INSERT INTO CONCESSION (RID, PRODUCT) VALUES ('R11', 'Product1');
INSERT INTO CONCESSION (RID, PRODUCT) VALUES ('R21', 'Product2');

INSERT INTO EMPLOYEE (EID, STARTDATE, JOBTYPE, FIRST, MINIT, LAST, STREET, CITY, STATE, ZIP, SUPER_ID, HID, RID) VALUES ('E11', TO_DATE('2023-01-01','YYYY-MM-DD'), 'Job1', 'John', 'D', 'Doe', '123 ABC St', 'Newark', 'NJ', 07101, NULL, 'H11', 'R11');
INSERT INTO EMPLOYEE (EID, STARTDATE, JOBTYPE, FIRST, MINIT, LAST, STREET, CITY, STATE, ZIP, SUPER_ID, HID, RID) VALUES ('E21', TO_DATE('2023-02-01','YYYY-MM-DD'), 'Job2', 'Jane', 'E', 'Doe', '456 DEF St', 'Newark', 'NJ', 07102, 'E11', 'H21', 'R21');
INSERT INTO EMPLOYEE (EID, STARTDATE, JOBTYPE, FIRST, MINIT, LAST, STREET, CITY, STATE, ZIP, SUPER_ID, HID, RID) VALUES ('E31', TO_DATE('2023-03-01','YYYY-MM-DD'), 'Job3', 'Jim', 'F', 'Doe', '789 GHI St', 'Newark', 'NJ', 07103, 'E11', 'H31', 'R21');
INSERT INTO EMPLOYEE (EID, STARTDATE, JOBTYPE, FIRST, MINIT, LAST, STREET, CITY, STATE, ZIP, SUPER_ID, HID, RID) VALUES ('E4', TO_DATE('2023-04-01','YYYY-MM-DD'), 'Job4', 'Jill', 'G', 'Doe', '321 JKL St', 'Newark', 'NJ', 07104, 'E21', 'H41', 'R31');
INSERT INTO EMPLOYEE (EID, STARTDATE, JOBTYPE, FIRST, MINIT, LAST, STREET, CITY, STATE, ZIP, SUPER_ID, HID, RID) VALUES ('E5', TO_DATE('2023-05-01','YYYY-MM-DD'), 'Job5', 'Joe', 'H', 'Doe', '654 MNO St', 'Newark', 'NJ', 07105, 'E21', 'H51', 'R11');

INSERT INTO SPECIES (SID, FOODCOST, NAME) VALUES ('S1', 100.00, 'Species1');
INSERT INTO SPECIES (SID, FOODCOST, NAME) VALUES ('S2', 200.00, 'Species2');

INSERT INTO ANIMAL (AID, STATUS, BIRTHYEAR, SID, BID, EN_ID) VALUES ('A1', 'Healthy', TO_DATE('2023-01-01','YYYY-MM-DD'), 'S1', 'B1', 'EN1');
INSERT INTO ANIMAL (AID, STATUS, BIRTHYEAR, SID, BID, EN_ID) VALUES ('A2', 'Sick', TO_DATE('2023-02-01','YYYY-MM-DD'), 'S2', 'B2', 'EN2');

INSERT INTO ANIMAL_SHOWS (RID, SENIOR_PRICE, ADULT_PRICE, CHILD_PRICE, NO_PER_DAY) VALUES ('R11', 10.00, 20.00, 5.00, 2);
INSERT INTO ANIMAL_SHOWS (RID, SENIOR_PRICE, ADULT_PRICE, CHILD_PRICE, NO_PER_DAY) VALUES ('R31', 15.00, 25.00, 10.00, 3);

INSERT INTO PARTICIPATES_IN (RID, SID, NO_REQD) VALUES ('R11', 'S1', 1);
INSERT INTO PARTICIPATES_IN (RID, SID, NO_REQD) VALUES ('R31', 'S2', 2);

INSERT INTO CARES_FOR (EID, SID) VALUES ('E11', 'S1');
INSERT INTO CARES_FOR (EID, SID) VALUES ('E21', 'S2');
